,max,mean,median,min,rmse,sse,std
withoutBA,24.3192215786,3.72729784171,3.11927429835,0.644110904958,4.53865842853,56874.9995336,2.58972414169
